title,price,rating_numeric,title_length,price_level,is_expensive
A Light in the Attic,51.77,3,20,High,True
Tipping the Velvet,53.74,1,18,High,True
Soumission,50.1,1,10,High,True
Sharp Objects,47.82,4,13,High,True
Sapiens: A Brief History of Humankind,54.23,5,37,High,True
The Requiem Red,22.65,1,15,Medium,False
The Dirty Little Secrets of Getting Your Dream Job,33.34,4,50,Medium,False
"The Coming Woman: A Novel Based on the Life of the Infamous Feminist, Victoria Woodhull",17.93,3,87,Low,False
The Boys in the Boat: Nine Americans and Their Epic Quest for Gold at the 1936 Berlin Olympics,22.6,4,94,Medium,False
The Black Maria,52.15,1,15,High,True
"Starving Hearts (Triangular Trade Trilogy, #1)",13.99,2,46,Low,False
Shakespeare's Sonnets,20.66,4,21,Medium,False
Set Me Free,17.46,5,11,Low,False
Scott Pilgrim's Precious Little Life (Scott Pilgrim #1),52.29,5,55,High,True
Rip it Up and Start Again,35.02,5,25,Medium,False
"Our Band Could Be Your Life: Scenes from the American Indie Underground, 1981-1991",57.25,3,82,High,True
Olio,23.88,1,4,Medium,False
Mesaerion: The Best Science Fiction Stories 1800-1849,37.59,1,53,Medium,True
Libertarianism for Beginners,51.33,2,28,High,True
It's Only the Himalayas,45.17,2,23,High,True
In Her Wake,12.84,1,11,Low,False
How Music Works,37.32,2,15,Medium,True
"Foolproof Preserving: A Guide to Small Batch Jams, Jellies, Pickles, Condiments, and More: A Foolproof Guide to Making Small Batch Jams, Jellies, Pickles, Condiments, and More",30.52,3,175,Medium,False
Chase Me (Paris Nights #2),25.27,5,26,Medium,False
Black Dust,34.53,5,10,Medium,False
Birdsong: A Story in Pictures,54.64,3,29,High,True
America's Cradle of Quarterbacks: Western Pennsylvania's Football Factory from Johnny Unitas to Joe Montana,22.5,3,107,Medium,False
Aladdin and His Wonderful Lamp,53.13,3,30,High,True
Worlds Elsewhere: Journeys Around Shakespeareâs Globe,40.3,5,55,High,True
Wall and Piece,44.18,4,14,High,True
The Four Agreements: A Practical Guide to Personal Freedom,17.66,5,58,Low,False
The Five Love Languages: How to Express Heartfelt Commitment to Your Mate,31.05,3,73,Medium,False
The Elephant Tree,23.82,5,17,Medium,False
The Bear and the Piano,36.89,1,22,Medium,True
Sophie's World,15.94,5,14,Low,False
Penny Maybe,33.29,3,11,Medium,False
Maude (1883-1993):She Grew Up with the country,18.02,2,46,Low,False
"In a Dark, Dark Wood",19.63,1,20,Low,False
Behind Closed Doors,52.22,4,19,High,True
You can't bury them all: Poems,33.63,2,30,Medium,False
Slow States of Collapse: Poems,57.31,3,30,High,True
Reasons to Stay Alive,26.41,2,21,Medium,False
Private Paris (Private #10),47.61,5,27,High,True
#HigherSelfie: Wake Up Your Life. Free Your Soul. Find Your Tribe.,23.11,5,66,Medium,False
Without Borders (Wanderlove #1),45.07,2,31,High,True
When We Collided,31.77,1,16,Medium,False
"We Love You, Charlie Freeman",50.27,5,28,High,True
Untitled Collection: Sabbath Poems 2014,14.27,4,39,Low,False
"Unseen City: The Majesty of Pigeons, the Discreet Charm of Snails & Other Wonders of the Urban Wilderness",44.18,4,105,High,True
Unicorn Tracks,18.78,3,14,Low,False
"Unbound: How Eight Technologies Made Us Human, Transformed Society, and Brought Our World to the Brink",25.52,1,102,Medium,False
Tsubasa: WoRLD CHRoNiCLE 2 (Tsubasa WoRLD CHRoNiCLE #2),16.28,1,55,Low,False
Throwing Rocks at the Google Bus: How Growth Became the Enemy of Prosperity,31.12,3,75,Medium,False
This One Summer,19.49,4,15,Low,False
Thirst,17.27,5,6,Low,False
The Torch Is Passed: A Harding Family Story,19.09,1,43,Low,False
The Secret of Dreadwillow Carse,56.13,1,31,High,True
"The Pioneer Woman Cooks: Dinnertime: Comfort Classics, Freezer Food, 16-Minute Meals, and Other Delicious Ways to Solve Supper!",56.41,1,127,High,True
The Past Never Ends,56.5,4,19,High,True
The Natural History of Us (The Fine Art of Pretending #2),45.22,3,57,High,True
The Nameless City (The Nameless City #1),38.16,4,40,Medium,True
The Murder That Never Was (Forensic Instincts #5),54.11,3,49,High,True
The Most Perfect Thing: Inside (and Outside) a Bird's Egg,42.96,4,57,High,True
"The Mindfulness and Acceptance Workbook for Anxiety: A Guide to Breaking Free from Anxiety, Phobias, and Worry Using Acceptance and Commitment Therapy",23.89,4,150,Medium,False
The Life-Changing Magic of Tidying Up: The Japanese Art of Decluttering and Organizing,16.77,3,86,Low,False
"The Inefficiency Assassin: Time Management Tactics for Working Smarter, Not Longer",20.59,5,82,Medium,False
The Gutsy Girl: Escapades for Your Life of Epic Adventure,37.13,1,57,Medium,True
The Electric Pencil: Drawings from Inside State Hospital No. 3,56.06,1,62,High,True
The Death of Humanity: and the Case for Life,58.11,4,44,High,True
"The Bulletproof Diet: Lose up to a Pound a Day, Reclaim Energy and Focus, Upgrade Your Life",49.05,3,91,High,True
The Art Forger,40.76,3,14,High,True
The Age of Genius: The Seventeenth Century and the Birth of the Modern Mind,19.73,1,75,Low,False
The Activist's Tao Te Ching: Ancient Advice for a Modern Revolution,32.24,5,67,Medium,False
Spark Joy: An Illustrated Master Class on the Art of Organizing and Tidying Up,41.83,4,78,High,True
Soul Reader,39.58,2,11,Medium,True
Security,39.25,2,8,Medium,True
"Saga, Volume 6 (Saga (Collected Editions) #6)",25.02,3,45,Medium,False
"Saga, Volume 5 (Saga (Collected Editions) #5)",51.04,2,45,High,True
Reskilling America: Learning to Labor in the Twenty-First Century,19.83,2,65,Low,False
"Rat Queens, Vol. 3: Demons (Rat Queens (Collected Editions) #11-15)",50.4,3,67,High,True
"Princess Jellyfish 2-in-1 Omnibus, Vol. 01 (Princess Jellyfish 2-in-1 Omnibus #1)",13.61,5,81,Low,False
Princess Between Worlds (Wide-Awake Princess #5),13.34,5,48,Low,False
"Pop Gun War, Volume 1: Gift",18.97,1,27,Low,False
"Political Suicide: Missteps, Peccadilloes, Bad Calls, Backroom Hijinx, Sordid Pasts, Rotten Breaks, and Just Plain Dumb Mistakes in the Annals of American Politics",36.28,2,163,Medium,True
Patience,10.16,3,8,Low,False
"Outcast, Vol. 1: A Darkness Surrounds Him (Outcast #1)",15.44,4,54,Low,False
orange: The Complete Collection 1 (orange: The Complete Collection #1),48.41,1,70,High,True
Online Marketing for Busy Authors: A Step-By-Step Guide,46.35,1,55,High,True
On a Midnight Clear,14.07,3,19,Low,False
Obsidian (Lux #1),14.86,2,17,Low,False
My Paris Kitchen: Recipes and Stories,33.37,2,37,Medium,False
Masks and Shadows,56.4,2,17,High,True
"Mama Tried: Traditional Italian Cooking for the Screwed, Crude, Vegan, and Tattooed",14.02,4,83,Low,False
"Lumberjanes, Vol. 2: Friendship to the Max (Lumberjanes #5-8)",46.91,2,61,High,True
"Lumberjanes, Vol. 1: Beware the Kitten Holy (Lumberjanes #1-4)",45.61,3,62,High,True
Lumberjanes Vol. 3: A Terrible Plan (Lumberjanes #9-12),19.92,2,55,Low,False
"Layered: Baking, Building, and Styling Spectacular Cakes",40.11,1,56,High,True
Judo: Seven Steps to Black Belt (an Introductory Guide for Beginners),53.9,2,69,High,True
Join,35.67,5,4,Medium,True
In the Country We Love: My Family Divided,22.0,4,41,Medium,False
Immunity: How Elie Metchnikoff Changed the Course of Modern Medicine,57.36,5,68,High,True
"I Hate Fairyland, Vol. 1: Madly Ever After (I Hate Fairyland (Compilations) #1-5)",29.17,2,81,Medium,False
I am a Hero Omnibus Volume 1,54.63,3,28,High,True
How to Be Miserable: 40 Strategies You Already Use,46.03,1,50,High,True
Her Backup Boyfriend (The Sorensen Family #1),33.97,1,45,Medium,False
"Giant Days, Vol. 2 (Giant Days #5-8)",22.11,2,36,Medium,False
Forever and Forever: The Courtship of Henry Longfellow and Fanny Appleton,29.69,3,73,Medium,False
First and First (Five Boroughs #3),15.97,4,34,Low,False
Fifty Shades Darker (Fifty Shades #2),21.96,1,37,Medium,False
Everydata: The Misinformation Hidden in the Little Data You Consume Every Day,54.35,2,77,High,True
"Don't Be a Jerk: And Other Practical Advice from Dogen, Japan's Greatest Zen Master",37.97,2,83,Medium,True
Danganronpa Volume 1,51.99,4,20,High,True
Crown of Midnight (Throne of Glass #2),43.29,3,38,High,True
"Codename Baboushka, Volume 1: The Conclave of Death",36.72,4,51,Medium,True
Camp Midnight,17.08,4,13,Low,False
Call the Nurse: True Stories of a Country Nurse on a Scottish Isle,29.14,5,66,Medium,False
Burning,28.81,3,7,Medium,False
Bossypants,49.46,2,10,High,True
"Bitch Planet, Vol. 1: Extraordinary Machine (Bitch Planet (Collected Editions))",37.92,2,79,Medium,True
"Avatar: The Last Airbender: Smoke and Shadow, Part 3 (Smoke and Shadow #3)",28.09,2,74,Medium,False
Algorithms to Live By: The Computer Science of Human Decisions,30.81,1,62,Medium,False
A World of Flavor: Your Gluten Free Passport,42.95,1,44,High,True
"A Piece of Sky, a Grain of Rice: A Memoir in Four Meditations",56.76,5,61,High,True
A Murder in Time,16.64,1,16,Low,False
A Flight of Arrows (The Pathfinders #2),55.53,5,39,High,True
A Fierce and Subtle Poison,28.13,4,26,Medium,False
A Court of Thorns and Roses (A Court of Thorns and Roses #1),52.37,1,60,High,True
(Un)Qualified: How God Uses Broken People to Do Big Things,54.0,5,58,High,True
You Are What You Love: The Spiritual Power of Habit,21.87,4,51,Medium,False
"William Shakespeare's Star Wars: Verily, A New Hope (William Shakespeare's Star Wars #4)",43.3,4,88,High,True
Tuesday Nights in 1980,21.04,2,22,Medium,False
Tracing Numbers on a Train,41.6,3,26,High,True
Throne of Glass (Throne of Glass #1),35.07,3,36,Medium,False
Thomas Jefferson and the Tripoli Pirates: The Forgotten War That Changed American History,59.64,1,89,High,True
Thirteen Reasons Why,52.72,1,20,High,True
The White Cat and the Monk: A Retelling of the Poem âPangur BÃ¡nâ,58.08,4,69,High,True
The Wedding Dress,24.12,1,17,Medium,False
The Vacationers,42.15,4,15,High,True
The Third Wave: An Entrepreneurâs Vision of the Future,12.61,5,56,Low,False
The Stranger,17.44,4,12,Low,False
The Shadow Hero (The Shadow Hero),33.14,1,33,Medium,False
The Secret (The Secret #1),27.37,4,26,Medium,False
The Regional Office Is Under Attack!,51.36,5,36,High,True
The Psychopath Test: A Journey Through the Madness Industry,36.0,2,59,Medium,True
The Project,10.65,1,11,Low,False
The Power of Now: A Guide to Spiritual Enlightenment,43.54,2,52,High,True
The Omnivore's Dilemma: A Natural History of Four Meals,38.21,2,55,Medium,True
The Nerdy Nummies Cookbook: Sweet Treats for the Geek in All of Us,37.34,5,66,Medium,True
The Murder of Roger Ackroyd (Hercule Poirot #4),44.1,4,47,High,True
The Mistake (Off-Campus #2),43.29,3,27,High,True
The Matchmaker's Playbook (Wingmen Inc. #1),55.85,1,43,High,True
The Love and Lemons Cookbook: An Apple-to-Zucchini Celebration of Impromptu Cooking,37.6,2,83,Medium,True
The Long Shadow of Small Ghosts: Murder and Memory in an American City,10.97,1,70,Low,False
The Kite Runner,41.82,4,15,High,True
The House by the Lake,36.95,1,21,Medium,True
The Glittering Court (The Glittering Court #1),44.28,1,46,High,True
The Girl on the Train,55.02,2,21,High,True
The Genius of Birds,17.24,1,19,Low,False
The Emerald Mystery,23.15,2,19,Medium,False
The Cookies & Cups Cookbook: 125+ sweet & savory recipes reminding you to Always Eat Dessert First,41.25,1,98,High,True
The Bridge to Consciousness: I'm Writing the Bridge Between Science and Our Old and New Beliefs.,32.0,3,96,Medium,False
The Artist's Way: A Spiritual Path to Higher Creativity,38.49,5,55,Medium,True
The Art of War,33.34,5,14,Medium,False
The Argonauts,10.93,2,13,Low,False
The 10% Entrepreneur: Live Your Startup Dream Without Quitting Your Day Job,27.55,3,75,Medium,False
Suddenly in Love (Lake Haven #1),55.99,2,32,High,True
Something More Than This,16.24,4,24,Low,False
Soft Apocalypse,26.12,2,15,Medium,False
So You've Been Publicly Shamed,12.23,2,30,Low,False
Shoe Dog: A Memoir by the Creator of NIKE,23.99,2,41,Medium,False
"Shobu Samurai, Project Aryoku (#3)",29.06,3,34,Medium,False
Secrets and Lace (Fatal Hearts #1),20.27,1,34,Medium,False
Scarlett Epstein Hates It Here,43.55,5,30,High,True
Romero and Juliet: A Tragic Tale of Love and Zombies,36.94,1,52,Medium,True
Redeeming Love,20.47,5,14,Medium,False
Poses for Artists Volume 1 - Dynamic and Sitting Poses: An Essential Reference for Figure Drawing and the Human Form,41.06,1,116,High,True
Poems That Make Grown Women Cry,14.19,4,31,Low,False
"Nightingale, Sing",38.28,1,17,Medium,True
Night Sky with Exit Wounds,41.05,1,26,High,True
Mrs. Houdini,30.25,5,12,Medium,False
Modern Romance,28.26,5,14,Medium,False
Miss Peregrineâs Home for Peculiar Children (Miss Peregrineâs Peculiar Children #1),10.76,1,87,Low,False
Louisa: The Extraordinary Life of Mrs. Adams,16.85,2,44,Low,False
Little Red,13.47,3,10,Low,False
Library of Souls (Miss Peregrineâs Peculiar Children #3),48.56,5,58,High,True
Large Print Heart of the Pride,19.15,2,30,Low,False
I Had a Nice Time And Other Lies...: How to find love & sh*t like that,57.36,4,70,High,True
Hollow City (Miss Peregrineâs Peculiar Children #2),42.98,1,53,High,True
Grumbles,22.16,2,8,Medium,False
Full Moon over Noahâs Ark: An Odyssey to Mount Ararat and Beyond,49.43,4,66,High,True
Frostbite (Vampire Academy #2),29.99,5,30,Medium,False
Follow You Home,21.36,1,15,Medium,False
First Steps for New Christians (Print Edition),29.0,1,46,Medium,False
Finders Keepers (Bill Hodges Trilogy #2),53.53,5,40,High,True
"Fables, Vol. 1: Legends in Exile (Fables #1)",41.62,4,44,High,True
Eureka Trivia 6.0,54.59,4,17,High,True
Drive: The Surprising Truth About What Motivates Us,34.95,4,51,Medium,False
Done Rubbed Out (Reightman & Bailey #1),37.72,5,39,Medium,True
Doing It Over (Most Likely To #1),35.61,3,33,Medium,True
"Deliciously Ella Every Day: Quick and Easy Recipes for Gluten-Free Snacks, Packed Lunches, and Simple Meals",42.16,3,107,High,True
Dark Notes,19.19,5,10,Low,False
"Daring Greatly: How the Courage to Be Vulnerable Transforms the Way We Live, Love, Parent, and Lead",19.43,3,99,Low,False
Close to You,49.46,4,12,High,True
Chasing Heaven: What Dying Taught Me About Living,37.8,2,49,Medium,True
Big Magic: Creative Living Beyond Fear,30.8,3,38,Medium,False
Becoming Wise: An Inquiry into the Mystery and Art of Living,27.43,2,60,Medium,False
Beauty Restored (Riley Family Legacy Novellas #3),11.11,2,49,Low,False
Batman: The Long Halloween (Batman),36.5,2,35,Medium,True
Batman: The Dark Knight Returns (Batman),15.38,5,40,Low,False
Ayumi's Violin,15.48,2,14,Low,False
Anonymous,46.82,4,9,High,True
Amy Meets the Saints and Sages,18.46,3,30,Low,False
Amid the Chaos,36.58,1,14,Medium,True
Amatus,50.54,5,6,High,True
Agnostic: A Spirited Manifesto,12.51,5,30,Low,False
Zealot: The Life and Times of Jesus of Nazareth,24.7,3,47,Medium,False
You (You #1),43.61,5,12,High,True
"Wonder Woman: Earth One, Volume One (Wonder Woman: Earth One #1)",37.34,4,64,Medium,True
Wild Swans,14.36,2,10,Low,False
Why the Right Went Wrong: Conservatism--From Goldwater to the Tea Party and Beyond,52.65,4,82,High,True
Whole Lotta Creativity Going On: 60 Fun and Unusual Exercises to Awaken and Strengthen Your Creativity,38.2,4,102,Medium,True
What's It Like in Space?: Stories from Astronauts Who've Been There,19.6,2,67,Low,False
"We Are Robin, Vol. 1: The Vigilante Business (We Are Robin #1)",53.9,1,62,High,True
Walt Disney's Alice in Wonderland,12.96,5,33,Low,False
V for Vendetta (V for Vendetta Complete),37.1,4,40,Medium,True
Until Friday Night (The Field Party #1),46.31,2,39,High,True
"Unbroken: A World War II Story of Survival, Resilience, and Redemption",45.95,2,70,High,True
Twenty Yawns,22.08,2,12,Medium,False
Through the Woods,25.38,2,17,Medium,False
This Is Where It Ends,27.12,2,21,Medium,False
The Year of Magical Thinking,43.04,2,28,High,True
The Wright Brothers,56.8,4,19,High,True
The White Queen (The Cousins' War #1),25.91,5,37,Medium,False
The Wedding Pact (The O'Malleys #2),32.61,3,35,Medium,False
The Time Keeper,27.88,5,15,Medium,False
The Testament of Mary,52.67,4,21,High,True
The Star-Touched Queen,46.02,5,22,High,True
The Songs of the Gods,44.48,5,21,High,True
The Song of Achilles,37.4,5,20,Medium,True
The Rosie Project (Don Tillman #1),54.04,1,34,High,True
The Power of Habit: Why We Do What We Do in Life and Business,16.88,3,61,Low,False
The Marriage of Opposites,28.08,4,25,Medium,False
The Lucifer Effect: Understanding How Good People Turn Evil,10.4,1,59,Low,False
The Long Haul (Diary of a Wimpy Kid #9),44.07,1,39,High,True
The Loney,23.4,1,9,Medium,False
The Literature Book (Big Ideas Simply Explained),17.43,3,48,Low,False
The Last Mile (Amos Decker #2),54.21,2,30,High,True
The Immortal Life of Henrietta Lacks,40.67,2,36,High,True
The Hidden Oracle (The Trials of Apollo #1),52.26,2,43,High,True
The Help Yourself Cookbook for Kids: 60 Easy Plant-Based Recipes Kids Can Make to Stay Healthy and Save the Earth,28.77,3,113,Medium,False
The Guilty (Will Robie #4),13.82,2,26,Low,False
The First Hostage (J.B. Collins #2),25.85,3,35,Medium,False
The Dovekeepers,48.78,1,15,High,True
The Darkest Lie,35.35,5,15,Medium,True
The Bane Chronicles (The Bane Chronicles #1-11),44.73,4,47,High,True
The Bad-Ass Librarians of Timbuktu: And Their Race to Save the Worldâs Most Precious Manuscripts,15.77,1,98,Low,False
The 14th Colony (Cotton Malone #11),39.24,1,35,Medium,True
That Darkness (Gardiner and Renner #1),13.92,1,38,Low,False
Tastes Like Fear (DI Marnie Rome #3),10.69,1,36,Low,False
Take Me with You,45.21,3,16,High,True
Swell: A Year of Waves,45.58,1,22,High,True
Superman Vol. 1: Before Truth (Superman by Gene Luen Yang #1),11.89,5,61,Low,False
Still Life with Bread Crumbs,26.41,3,28,Medium,False
Steve Jobs,39.5,5,10,Medium,True
Sorting the Beef from the Bull: The Science of Food Fraud Forensics,44.74,4,67,High,True
Someone Like You (The Harrisons #2),52.79,5,35,High,True
"So Cute It Hurts!!, Vol. 6 (So Cute It Hurts!! #6)",35.43,4,50,Medium,True
Shtum,55.84,4,5,High,True
See America: A Celebration of Our National Parks & Treasured Sites,48.87,3,66,High,True
salt.,46.78,4,5,High,True
Robin War,47.82,3,9,High,True
"Red Hood/Arsenal, Vol. 1: Open for Business (Red Hood/Arsenal #1)",25.48,2,65,Medium,False
Rain Fish,23.57,3,9,Medium,False
"Quarter Life Poetry: Poems for the Young, Broke and Hangry",50.89,5,58,High,True
Pet Sematary,10.56,3,12,Low,False
"Overload: How to Unplug, Unwind, and Unleash Yourself from the Pressure of Stress",52.15,3,81,High,True
Once Was a Time,18.28,2,15,Low,False
Old School (Diary of a Wimpy Kid #10),11.83,5,37,Low,False
No Dream Is Too High: Life Lessons From a Man Who Walked on the Moon,21.95,2,68,Medium,False
"Naruto (3-in-1 Edition), Vol. 14: Includes Vols. 40, 41 & 42 (Naruto: Omnibus #14)",38.39,2,82,Medium,True
My Name Is Lucy Barton,41.56,1,22,High,True
My Mrs. Brown,24.48,3,13,Medium,False
My Kind of Crazy,40.36,1,16,High,True
Mr. Mercedes (Bill Hodges Trilogy #1),28.9,1,37,Medium,False
More Than Music (Chasing the Dream #1),37.61,2,38,Medium,True
Made to Stick: Why Some Ideas Survive and Others Die,38.85,5,52,Medium,True
Luis Paints the World,53.95,3,21,High,True
Luckiest Girl Alive,49.83,3,19,High,True
Lowriders to the Center of the Earth (Lowriders in Space #2),51.51,2,60,High,True
Love Is a Mix Tape (Music #1),18.03,1,29,Low,False
Looking for Lovely: Collecting the Moments that Matter,29.14,5,54,Medium,False
"Living Leadership by Insight: A Good Leader Achieves, a Great Leader Builds Monuments",46.91,4,85,High,True
Let It Out: A Journey Through Journaling,26.79,5,40,Medium,False
Lady Midnight (The Dark Artifices #1),16.28,5,37,Low,False
"It's All Easy: Healthy, Delicious Weeknight Meals in under 30 Minutes",19.55,1,69,Low,False
Island of Dragons (Unwanteds #7),29.65,1,32,Medium,False
I Know What I'm Doing -- and Other Lies I Tell Myself: Dispatches from a Life Under Construction,25.98,4,96,Medium,False
I Am Pilgrim (Pilgrim #1),10.6,4,25,Low,False
"Hyperbole and a Half: Unfortunate Situations, Flawed Coping Mechanisms, Mayhem, and Other Things That Happened",14.75,5,110,Low,False
"Hush, Hush (Hush, Hush #1)",47.02,3,26,High,True
Hold Your Breath (Search and Rescue #1),28.82,1,39,Medium,False
Hamilton: The Revolution,58.79,3,24,High,True
Greek Mythic History,10.23,5,20,Low,False
God: The Most Unpleasant Character in All Fiction,30.03,5,49,Medium,False
Glory over Everything: Beyond The Kitchen House,45.84,3,47,High,True
Feathers: Displays of Brilliant Plumage,49.05,3,39,High,True
"Far & Away: Places on the Brink of Change: Seven Continents, Twenty-Five Years",15.06,4,78,Low,False
Every Last Word,46.47,3,15,High,True
Eligible (The Austen Project #4),27.09,3,32,Medium,False
El Deafo,57.62,5,8,High,True
Eight Hundred Grapes,14.39,4,20,Low,False
"Eaternity: More than 150 Deliciously Easy Vegan Recipes for a Long, Healthy, Satisfied, Joyful Life",51.75,5,99,High,True
"Eat Fat, Get Thin",54.07,2,17,High,True
Don't Get Caught,55.35,1,16,High,True
Doctor Sleep (The Shining #2),40.12,2,29,High,True
Demigods & Magicians: Percy and Annabeth Meet the Kanes (Percy Jackson & Kane Chronicles Crossover #1-3),37.51,5,104,Medium,True
Dear Mr. Knightley,11.21,5,18,Low,False
Daily Fantasy Sports,36.58,1,20,Medium,True
Crazy Love: Overwhelmed by a Relentless God,47.72,2,43,High,True
Cometh the Hour (The Clifton Chronicles #6),25.01,3,43,Medium,False
Code Name Verity (Code Name Verity #1),22.13,4,38,Medium,False
Clockwork Angel (The Infernal Devices #1),44.14,1,41,High,True
City of Glass (The Mortal Instruments #3),56.02,4,41,High,True
City of Fallen Angels (The Mortal Instruments #4),11.23,4,49,Low,False
City of Bones (The Mortal Instruments #1),43.28,1,41,High,True
City of Ashes (The Mortal Instruments #2),47.27,1,41,High,True
Cell,20.29,4,4,Medium,False
Catching Jordan (Hundred Oaks),50.83,3,30,High,True
"Carry On, Warrior: Thoughts on Life Unarmed",31.85,3,43,Medium,False
Carrie,46.23,2,6,High,True
Buying In: The Secret Dialogue Between What We Buy and Who We Are,37.8,4,65,Medium,True
Brain on Fire: My Month of Madness,49.32,5,34,High,True
Batman: Europa,32.01,2,14,Medium,False
Barefoot Contessa Back to Basics,28.01,1,32,Medium,False
Barefoot Contessa at Home: Everyday Recipes You'll Make Over and Over Again,50.62,5,75,High,True
Balloon Animals,17.03,3,15,Low,False
Art Ops Vol. 1,48.8,3,14,High,True
Aristotle and Dante Discover the Secrets of the Universe (Aristotle and Dante Discover the Secrets of the Universe #1),58.14,4,118,High,True
Angels Walking (Angels Walking #1),34.2,2,34,Medium,False
Angels & Demons (Robert Langdon #1),51.48,3,35,High,True
All the Light We Cannot See,29.87,5,27,Medium,False
"Adulthood Is a Myth: A ""Sarah's Scribbles"" Collection",10.9,2,53,Low,False
Abstract City,56.37,5,13,High,True
A Time of Torment (Charlie Parker #14),48.35,5,38,High,True
A Study in Scarlet (Sherlock Holmes #1),16.73,2,39,Low,False
"A Series of Catastrophes and Miracles: A True Story of Love, Science, and Cancer",56.48,2,80,High,True
A People's History of the United States,40.79,2,39,High,True
A Man Called Ove,39.72,1,16,Medium,True
A Distant Mirror: The Calamitous 14th Century,14.58,3,45,Low,False
A Brush of Wings (Angels Walking #3),55.51,1,36,High,True
1491: New Revelations of the Americas Before Columbus,21.8,3,53,Medium,False
"The Three Searches, Meaning, and the Story",13.33,3,42,Low,False
Searching for Meaning in Gailana,38.73,1,32,Medium,True
Rook,37.86,4,4,Medium,True
My Kitchen Year: 136 Recipes That Saved My Life,11.53,2,47,Low,False
13 Hours: The Inside Account of What Really Happened In Benghazi,27.06,1,64,Medium,False
Will You Won't You Want Me?,13.86,3,27,Low,False
Tipping Point for Planet Earth: How Close Are We to the Edge?,37.55,1,61,Medium,True
The Star-Touched Queen,32.3,5,22,Medium,False
The Silent Sister (Riley MacPherson #1),46.29,5,39,High,True
The Midnight Watch: A Novel of the Titanic and the Californian,26.2,1,62,Medium,False
The Lonely City: Adventures in the Art of Being Alone,33.26,2,53,Medium,False
The Gray Rhino: How to Recognize and Act on the Obvious Dangers We Ignore,59.15,4,73,High,True
The Golden Condom: And Other Essays on Love Lost and Found,39.43,1,58,Medium,True
The Epidemic (The Program 0.6),14.44,5,30,Low,False
The Dinner Party,56.54,2,16,High,True
The Diary of a Young Girl,59.9,3,25,High,True
The Children,11.88,3,12,Low,False
Stars Above (The Lunar Chronicles #4.5),48.05,2,39,High,True
Snatched: How A Drug Queen Went Undercover for the DEA and Was Kidnapped By Colombian Guerillas,21.21,3,95,Medium,False
Raspberry Pi Electronics Projects for the Evil Genius,49.67,4,53,High,True
Quench Your Own Thirst: Business Lessons Learned Over a Beer or Two,43.14,1,67,High,True
Psycho: Sanitarium (Psycho #1.5),36.97,5,32,Medium,True
Poisonous (Max Revere Novels #3),26.8,3,32,Medium,False
One with You (Crossfire #5),15.71,4,27,Low,False
No Love Allowed (Dodge Cove #1),54.65,4,31,High,True
Murder at the 42nd Street Library (Raymond Ambler #1),54.36,4,53,High,True
Most Wanted,35.28,3,11,Medium,True
"Love, Lies and Spies",20.55,2,20,Medium,False
How to Speak Golf: An Illustrated Guide to Links Lingo,58.32,5,54,High,True
Hide Away (Eve Duncan #20),11.84,1,26,Low,False
Furiously Happy: A Funny Book About Horrible Things,41.46,4,51,High,True
Everyday Italian: 125 Simple and Delicious Recipes,20.1,5,50,Medium,False
Equal Is Unfair: America's Misguided Fight Against Income Inequality,56.86,1,68,High,True
Eleanor & Park,56.51,5,14,High,True
Dirty (Dive Bar #1),40.83,4,19,High,True
Can You Keep a Secret? (Fear Street Relaunch #4),48.64,1,48,High,True
Boar Island (Anna Pigeon #19),59.48,3,29,High,True
A Paris Apartment,39.01,4,17,Medium,True
"A la Mode: 120 Recipes in 60 Pairings: Pies, Tarts, Cakes, Crisps, and More Topped with Ice Cream, Gelato, Frozen Custard, and More",38.77,1,131,Medium,True
Troublemaker: Surviving Hollywood and Scientology,48.39,2,49,High,True
The Widow,27.26,2,9,Medium,False
"The Sleep Revolution: Transforming Your Life, One Night at a Time",11.68,4,65,Low,False
The Improbability of Love,59.45,1,25,High,True
The Art of Startup Fundraising,21.0,3,30,Medium,False
Take Me Home Tonight (Rock Star Romance #3),53.98,3,43,High,True
Sleeping Giants (Themis Files #1),48.74,1,33,High,True
"Setting the World on Fire: The Brief, Astonishing Life of St. Catherine of Siena",21.15,2,80,Medium,False
Playing with Fire,13.71,3,17,Low,False
Off the Hook (Fishing for Trouble #1),47.67,3,37,High,True
Mothering Sunday,13.34,2,16,Low,False
"Mother, Can You Not?",16.89,5,20,Low,False
M Train,27.18,1,7,Medium,False
Lilac Girls,17.28,2,11,Low,False
Lies and Other Acts of Love,45.14,1,27,High,True
Lab Girl,40.85,1,8,High,True
Keep Me Posted,20.46,4,14,Medium,False
It Didn't Start with You: How Inherited Family Trauma Shapes Who We Are and How to End the Cycle,56.27,3,96,High,True
Grey (Fifty Shades #4),48.49,4,22,High,True
"Exit, Pursued by a Bear",51.34,4,23,High,True
Daredevils,16.34,3,10,Low,False
Cravings: Recipes for What You Want to Eat,20.5,3,42,Medium,False
Born for This: How to Find the Work You Were Meant to Do,21.59,5,56,Medium,False
Arena,21.36,4,5,Medium,False
Adultery,20.88,5,8,Medium,False
A Mother's Reckoning: Living in the Aftermath of Tragedy,19.53,3,56,Low,False
A Gentleman's Position (Society of Gentlemen #3),14.75,5,48,Low,False
11/22/63,48.48,3,8,High,True
"10% Happier: How I Tamed the Voice in My Head, Reduced Stress Without Losing My Edge, and Found Self-Help That Actually Works",24.57,2,125,Medium,False
10-Day Green Smoothie Cleanse: Lose Up to 15 Pounds in 10 Days!,49.71,5,63,High,True
Without Shame,48.27,5,13,High,True
Watchmen,58.05,4,8,High,True
Unlimited Intuition Now,58.87,4,23,High,True
Underlying Notes,11.82,2,16,Low,False
The Shack,28.03,1,9,Medium,False
The New Brand You: Your New Image Makes the Sale for You,44.05,5,56,High,True
"The Moosewood Cookbook: Recipes from Moosewood Restaurant, Ithaca, New York",12.34,4,75,Low,False
The Flowers Lied,16.68,2,16,Low,False
"The Fabric of the Cosmos: Space, Time, and the Texture of Reality",55.91,1,65,High,True
The Book of Mormon,24.57,3,18,Medium,False
The Art and Science of Low Carbohydrate Living,52.98,5,46,High,True
The Alien Club,54.4,1,14,High,True
Suzie Snowflake: One beautiful flake (a self-esteem story),54.81,5,58,High,True
Nap-a-Roo,25.08,1,9,Medium,False
"NaNo What Now? Finding your editing process, revising your NaNoWriMo book and building a writing career through publishing and beyond",10.41,4,133,Low,False
Modern Day Fables,47.44,2,17,High,True
If I Gave You God's Phone Number....: Searching for Spirituality in America,20.91,1,75,Medium,False
"Fruits Basket, Vol. 9 (Fruits Basket #9)",33.95,4,40,Medium,False
Dress Your Family in Corduroy and Denim,43.68,3,39,High,True
Don't Forget Steven,33.23,1,19,Medium,False
Chernobyl 01:23:40: The Incredible True Story of the World's Worst Nuclear Disaster,35.92,2,83,Medium,True
Art and Fear: Observations on the Perils (and Rewards) of Artmaking,48.63,4,67,High,True
A Shard of Ice (The Black Symphony Saga #1),56.63,3,43,High,True
A Hero's Curse (The Unseen Chronicles #1),50.49,3,41,High,True
23 Degrees South: A Tropical Tale of Changing Whether...,35.79,2,56,Medium,True
"Zero to One: Notes on Startups, or How to Build the Future",34.06,3,58,Medium,False
Why Not Me?,17.76,1,11,Low,False
When Breath Becomes Air,39.36,2,23,Medium,True
Vagabonding: An Uncommon Guide to the Art of Long-Term World Travel,36.94,2,67,Medium,True
The Unlikely Pilgrimage of Harold Fry (Harold Fry #1),43.62,5,53,High,True
The New Drawing on the Right Side of the Brain,43.02,3,46,High,True
"The Midnight Assassin: Panic, Scandal, and the Hunt for America's First Serial Killer",28.45,4,85,Medium,False
The Martian (The Martian #1),41.39,2,28,High,True
The High Mountains of Portugal,51.15,1,30,High,True
The Grownup,35.88,1,11,Medium,True
The E-Myth Revisited: Why Most Small Businesses Don't Work and What to Do About It,36.91,1,82,Medium,True
South of Sunshine,28.93,1,17,Medium,False
Smarter Faster Better: The Secrets of Being Productive in Life and Business,38.89,5,75,Medium,True
Silence in the Dark (Logan Point #4),58.33,3,36,High,True
Shadows of the Past (Logan Point #1),39.67,5,36,Medium,True
Roller Girl,14.1,5,11,Low,False
Rising Strong,21.82,3,13,Medium,False
Proofs of God: Classical Arguments from Tertullian to Barth,54.21,1,59,High,True
Please Kill Me: The Uncensored Oral History of Punk,31.19,4,51,Medium,False
Out of Print: City Lights Spotlight No. 14,53.64,5,42,High,True
My Life Next Door (My Life Next Door ),36.39,5,38,Medium,True
Miller's Valley,58.54,2,15,High,True
Man's Search for Meaning,29.48,3,24,Medium,False
"Love That Boy: What Two Presidents, Eight Road Trips, and My Son Taught Me About a Parent's Expectations",25.06,2,104,Medium,False
Living Forward: A Proven Plan to Stop Drifting and Get the Life You Want,12.55,3,72,Low,False
Les Fleurs du Mal,29.04,5,17,Medium,False
Left Behind (Left Behind #1),40.72,2,28,High,True
Kill 'Em and Leave: Searching for James Brown and the American Soul,45.05,5,67,High,True
Kierkegaard: A Christian Missionary to Christians,47.13,1,49,High,True
John Vassos: Industrial Design for Modern Life,20.22,4,46,Medium,False
I'll Give You the Sun,56.48,1,21,High,True
I Will Find You,44.21,1,15,High,True
Hystopia: A Novel,21.96,4,17,Medium,False
Howl and Other Poems,40.45,2,20,High,True
History of Beauty,10.29,4,17,Low,False
Heaven is for Real: A Little Boy's Astounding Story of His Trip to Heaven and Back,52.86,2,82,High,True
Future Shock (Future Shock #1),55.65,5,30,High,True
Ender's Game (The Ender Quintet #1),43.64,1,35,High,True
Diary of a Citizen Scientist: Chasing Tiger Beetles and Other New Ways of Engaging the World,28.41,1,92,Medium,False
Death by Leisure: A Cautionary Tale,37.51,4,35,Medium,True
Brilliant Beacons: A History of the American Lighthouse,11.45,3,55,Low,False
Brazen: The Courage to Find the You That's Been Hiding,19.22,2,54,Low,False
Between the World and Me,56.91,4,24,High,True
Being Mortal: Medicine and What Matters in the End,55.06,4,50,High,True
"A Murder Over a Girl: Justice, Gender, Junior High",13.2,3,50,Low,False
32 Yolks,53.63,2,8,High,True
"""Most Blessed of the Patriarchs"": Thomas Jefferson and the Empire of the Imagination",44.48,5,84,High,True
You Are a Badass: How to Stop Doubting Your Greatness and Start Living an Awesome Life,12.08,3,86,Low,False
Wildlife of New York: A Five-Borough Coloring Book,22.14,2,50,Medium,False
What Happened on Beale Street (Secrets of the South Mysteries #2),25.37,5,65,Medium,False
Unreasonable Hope: Finding Faith in the God Who Brings Purpose to Your Pain,46.33,2,75,High,True
Under the Tuscan Sun,37.33,3,20,Medium,True
Toddlers Are A**holes: It's Not Your Fault,25.55,1,42,Medium,False
The Year of Living Biblically: One Man's Humble Quest to Follow the Bible as Literally as Possible,34.72,1,98,Medium,False
The Whale,35.96,4,9,Medium,True
The Story of Art,41.14,4,16,High,True
The Origin of Species,10.01,4,21,Low,False
The Great Gatsby,36.05,4,16,Medium,True
The Good Girl,49.03,3,13,High,True
The Glass Castle,16.24,1,16,Low,False
The Faith of Christopher Hitchens: The Restless Soul of the World's Most Notorious Atheist,39.55,1,90,Medium,True
The Drowning Girls,35.67,3,18,Medium,True
The Constant Princess (The Tudor Court #1),16.62,3,42,Low,False
The Bourne Identity (Jason Bourne #1),42.78,4,37,High,True
The Bachelor Girl's Guide to Murder (Herringford and Watts Mysteries #1),52.3,5,72,High,True
The Art Book,32.34,2,12,Medium,False
The 7 Habits of Highly Effective People: Powerful Lessons in Personal Change,33.17,4,76,Medium,False
Team of Rivals: The Political Genius of Abraham Lincoln,20.12,5,55,Medium,False
Steal Like an Artist: 10 Things Nobody Told You About Being Creative,20.9,2,68,Medium,False
"Sit, Stay, Love",20.9,3,15,Medium,False
Sister Dear,40.2,4,11,High,True
"Shrunken Treasures: Literary Classics, Short, Sweet, and Silly",52.87,3,62,High,True
"Rich Dad, Poor Dad",51.74,1,18,High,True
Raymie Nightingale,34.41,2,18,Medium,False
Playing from the Heart,32.38,1,22,Medium,False
Nightstruck: A Novel,50.35,4,20,High,True
"Naturally Lean: 125 Nourishing Gluten-Free, Plant-Based Recipes--All Under 300 Calories",11.38,5,87,Low,False
Meternity,43.58,3,9,High,True
Memoirs of a Geisha,49.67,3,19,High,True
Like Never Before (Walker Family #2),28.77,2,36,Medium,False
Life of Pi,13.22,4,10,Low,False
Leave This Song Behind: Teen Poetry at Its Best,51.17,5,47,High,True
King's Folly (The Kinsman Chronicles #1),39.61,5,40,Medium,True
John Adams,57.43,4,10,High,True
How to Cook Everything Vegetarian: Simple Meatless Recipes for Great Food (How to Cook Everything),46.01,4,98,High,True
How to Be a Domestic Goddess: Baking and the Art of Comfort Cooking,28.25,2,67,Medium,False
Good in Bed (Cannie Shapiro #1),37.05,5,31,Medium,True
"Fruits Basket, Vol. 7 (Fruits Basket #7)",19.57,1,40,Low,False
For the Love: Fighting for Grace in a World of Impossible Standards,45.13,3,67,High,True
Finding God in the Ruins: How God Redeems Pain,46.64,2,46,High,True
Every Heart a Doorway (Every Heart A Doorway #1),12.16,5,48,Low,False
Delivering the Truth (Quaker Midwife Mystery #1),20.89,4,48,Medium,False
Counted With the Stars (Out from Egypt #1),17.97,5,42,Low,False
"Chronicles, Vol. 1",52.6,2,18,High,True
Blue Like Jazz: Nonreligious Thoughts on Christian Spirituality,25.77,1,63,Medium,False
Benjamin Franklin: An American Life,48.19,3,35,High,True
"At The Existentialist CafÃ©: Freedom, Being, and apricot cocktails with: Jean-Paul Sartre, Simone de Beauvoir, Albert Camus, Martin Heidegger, Edmund Husserl, Karl Jaspers, Maurice Merleau-Ponty and others",29.93,5,205,Medium,False
A Summer In Europe,44.34,2,18,High,True
A Short History of Nearly Everything,52.4,5,36,High,True
A Gathering of Shadows (Shades of Magic #2),44.81,4,43,High,True
The Sound Of Love,57.84,5,17,High,True
The Rise and Fall of the Third Reich: A History of Nazi Germany,39.67,2,63,Medium,True
The Perks of Being a Wallflower,55.02,3,31,High,True
The Mysterious Affair at Styles (Hercule Poirot #1),24.8,4,51,Medium,False
The Man Who Mistook His Wife for a Hat and Other Clinical Tales,59.45,4,63,High,True
The Makings of a Fatherless Child,31.58,2,33,Medium,False
The Joy of Cooking,43.27,4,18,High,True
The Invention of Wings,37.34,1,22,Medium,True
The Hobbit (Middle-Earth Universe),17.8,5,34,Low,False
The Great Railway Bazaar,30.54,1,24,Medium,False
The Golden Compass (His Dark Materials #1),18.77,1,42,Low,False
The God Delusion,46.85,3,16,High,True
The Girl You Left Behind (The Girl You Left Behind #1),15.79,1,54,Low,False
The Fellowship of the Ring (The Lord of the Rings #1),10.27,2,53,Low,False
The Collected Poems of W.B. Yeats (The Collected Works of W.B. Yeats #1),15.42,5,72,Low,False
The Barefoot Contessa Cookbook,59.92,5,30,High,True
Tell the Wolves I'm Home,50.96,2,24,High,True
Ship Leaves Harbor: Essays on Travel by a Recovering Journeyman,30.6,3,63,Medium,False
Pride and Prejudice,19.27,4,19,Low,False
Musicophilia: Tales of Music and the Brain,46.58,1,42,High,True
Mere Christianity,48.51,3,17,High,True
Me Before You (Me Before You #1),19.02,1,32,Low,False
In the Woods (Dublin Murder Squad #1),38.38,2,37,Medium,True
In Cold Blood,49.98,4,13,High,True
How to Stop Worrying and Start Living,46.49,5,37,High,True
Give It Back,18.32,2,12,Low,False
"Girl, Interrupted",42.14,3,17,High,True
Fun Home: A Family Tragicomic,56.59,4,29,High,True
"Fruits Basket, Vol. 6 (Fruits Basket #6)",20.96,4,40,Medium,False
Deception Point,40.32,4,15,High,True
"Death Note, Vol. 6: Give-and-Take (Death Note #6)",36.39,3,49,Medium,True
Catherine the Great: Portrait of a Woman,58.55,4,40,High,True
Better Homes and Gardens New Cook Book,39.61,3,38,Medium,True
An Unquiet Mind: A Memoir of Moods and Madness,21.3,3,46,Medium,False
A Year in Provence (Provence #1),56.88,4,32,High,True
World Without End (The Pillars of the Earth #2),32.97,4,47,Medium,False
"Will Grayson, Will Grayson (Will Grayson, Will Grayson)",47.31,4,55,High,True
Why Save the Bankers?: And Other Essays on Our Economic and Political Crisis,48.67,2,76,High,True
Where She Went (If I Stay #2),41.73,4,29,High,True
What If?: Serious Scientific Answers to Absurd Hypothetical Questions,53.68,4,69,High,True
Two Summers,14.64,1,11,Low,False
This Is Your Brain on Music: The Science of a Human Obsession,38.4,1,61,Medium,True
The Secret Garden,15.08,4,17,Low,False
The Raven King (The Raven Cycle #4),30.57,2,35,Medium,False
The Raven Boys (The Raven Cycle #1),57.74,4,35,High,True
The Power Greens Cookbook: 140 Delicious Superfood Recipes,11.05,5,58,Low,False
The Metamorphosis,28.58,1,17,Medium,False
The Mathews Men: Seven Brothers and the War Against Hitler's U-boats,42.91,5,68,High,True
The Little Paris Bookshop,24.73,3,25,Medium,False
The Hiding Place,55.91,4,16,High,True
The Grand Design,13.76,3,16,Low,False
The Firm,45.56,3,8,High,True
The Fault in Our Stars,47.22,1,22,High,True
The False Prince (The Ascendance Trilogy #1),56.0,5,44,High,True
The Expatriates,44.58,2,15,High,True
The Dream Thieves (The Raven Cycle #2),34.5,1,38,Medium,False
The Darkest Corners,11.33,5,19,Low,False
The Crossover,38.77,4,13,Medium,True
The 5th Wave (The 5th Wave #1),11.83,2,30,Low,False
Tell the Wind and Fire,45.51,3,22,High,True
Tell Me Three Things,41.81,1,20,High,True
Talking to Girls About Duran Duran: One Young Man's Quest for True Love and a Cooler Haircut,25.15,4,92,Medium,False
Siddhartha,34.22,5,10,Medium,False
Shiver (The Wolves of Mercy Falls #1),16.23,5,37,Low,False
Remember Me?,11.48,3,12,Low,False
Red Dragon (Hannibal Lecter #1),23.37,3,31,Medium,False
Peak: Secrets from the New Science of Expertise,16.28,2,47,Low,False
My Mother Was Nuts,31.63,4,18,Medium,False
Mexican Today: New and Rediscovered Recipes for Contemporary Kitchens,24.91,5,69,Medium,False
Maybe Something Beautiful: How Art Transformed a Neighborhood,22.54,1,61,Medium,False
Lola and the Boy Next Door (Anna and the French Kiss #2),23.63,4,56,Medium,False
Logan Kade (Fallen Crest High #5.5),13.12,2,35,Low,False
Last One Home (New Beginnings #1),59.98,3,33,High,True
Killing Floor (Jack Reacher #1),31.49,4,31,Medium,False
Kill the Boy Band,15.52,5,17,Low,False
Isla and the Happily Ever After (Anna and the French Kiss #3),48.13,5,61,High,True
If I Stay (If I Stay #1),38.13,5,24,Medium,True
I Know Why the Caged Bird Sings (Maya Angelou's Autobiography #1),36.55,2,65,Medium,True
Harry Potter and the Deathly Hallows (Harry Potter #7),23.32,1,54,Medium,False
"Fruits Basket, Vol. 5 (Fruits Basket #5)",16.33,1,40,Low,False
Foundation (Foundation (Publication Order) #1),32.42,1,46,Medium,False
Fool Me Once,16.96,1,12,Low,False
Find Her (Detective D.D. Warren #8),22.37,1,35,Medium,False
Evicted: Poverty and Profit in the American City,42.27,1,48,High,True
Drama,38.7,2,5,Medium,True
Dracula the Un-Dead,35.63,5,19,Medium,True
Digital Fortress,58.0,5,16,High,True
"Death Note, Vol. 5: Whiteout (Death Note #5)",52.41,1,44,High,True
"Data, A Love Story: How I Gamed Online Dating to Meet My Match",32.35,3,62,Medium,False
Critique of Pure Reason,20.75,1,23,Medium,False
Booked,17.49,5,6,Low,False
"Blue Lily, Lily Blue (The Raven Cycle #3)",34.13,5,41,Medium,False
Approval Junkie: Adventures in Caring Too Much,58.81,5,46,High,True
An Abundance of Katherines,10.0,5,26,Low,False
America's War for the Greater Middle East: A Military History,51.22,2,61,High,True
Alight (The Generations Trilogy #2),58.59,4,35,High,True
A Girl's Guide to Moving On (New Beginnings #2),31.3,1,47,Medium,False
A Game of Thrones (A Song of Ice and Fire #1),46.42,2,45,High,True
A Feast for Crows (A Song of Ice and Fire #4),17.21,4,45,Low,False
A Clash of Kings (A Song of Ice and Fire #2),10.79,3,44,Low,False
Vogue Colors A to Z: A Fashion Coloring Book,52.35,4,44,High,True
The Shining (The Shining #1),27.88,3,28,Medium,False
The Pilgrim's Progress,50.26,2,22,High,True
The Perfect Play (Play by Play #1),59.99,3,34,High,True
The Passion of Dolssa,28.32,5,21,Medium,False
The Jazz of Physics: The Secret Link Between Music and the Structure of the Universe,38.71,3,84,Medium,True
The Hunger Games (The Hunger Games #1),29.85,5,38,Medium,False
The Hound of the Baskervilles (Sherlock Holmes #5),14.82,2,50,Low,False
The Gunning of America: Business and the Making of American Gun Culture,16.81,4,71,Low,False
The Geography of Bliss: One Grump's Search for the Happiest Places in the World,28.23,2,79,Medium,False
The Demonists (Demonist #1),52.11,2,27,High,True
"The Demon Prince of Momochi House, Vol. 4 (The Demon Prince of Momochi House #4)",27.88,2,80,Medium,False
The Bone Hunters (Lexy Vaughan & Steven Macaulay #2),59.71,3,52,High,True
The Beast (Black Dagger Brotherhood #14),46.08,5,40,High,True
Some Women,13.73,5,10,Low,False
Shopaholic Ties the Knot (Shopaholic #3),48.39,5,40,High,True
Paper and Fire (The Great Library #2),49.45,5,37,High,True
Outlander (Outlander #1),19.67,5,24,Low,False
"Orchestra of Exiles: The Story of Bronislaw Huberman, the Israel Philharmonic, and the One Thousand Jews He Saved from Nazi Horrors",12.36,3,131,Low,False
No One Here Gets Out Alive,20.02,5,26,Medium,False
Night Shift (Night Shift #1-20),12.75,4,31,Low,False
Needful Things,47.51,4,14,High,True
Mockingjay (The Hunger Games #3),20.44,4,32,Medium,False
Misery,34.79,2,6,Medium,False
Little Women (Little Women #1),28.07,4,30,Medium,False
It,25.01,3,2,Medium,False
Harry Potter and the Sorcerer's Stone (Harry Potter #1),13.9,3,55,Low,False
Harry Potter and the Prisoner of Azkaban (Harry Potter #3),24.17,4,58,Medium,False
Harry Potter and the Order of the Phoenix (Harry Potter #5),31.63,4,59,Medium,False
Harry Potter and the Half-Blood Prince (Harry Potter #6),48.75,5,56,High,True
Harry Potter and the Chamber of Secrets (Harry Potter #2),14.74,1,57,Low,False
Gone with the Wind,32.49,3,18,Medium,False
God Is Not Great: How Religion Poisons Everything,27.8,1,49,Medium,False
Girl With a Pearl Earring,26.77,1,25,Medium,False
"Fruits Basket, Vol. 4 (Fruits Basket #4)",50.44,4,40,High,True
Far From True (Promise Falls Trilogy #2),34.93,2,40,Medium,False
Dark Lover (Black Dagger Brotherhood #1),12.87,1,40,Low,False
Confessions of a Shopaholic (Shopaholic #1),48.94,2,43,High,True
Changing the Game (Play by Play #2),13.38,3,35,Low,False
Candide,58.63,3,7,High,True
Can You Keep a Secret?,21.94,1,22,Medium,False
Atlas Shrugged,26.58,5,14,Medium,False
Animal Farm,57.22,3,11,High,True
A Walk to Remember,56.43,1,18,High,True
A New Earth: Awakening to Your Life's Purpose,55.65,5,45,High,True
"A History of God: The 4,000-Year Quest of Judaism, Christianity, and Islam",27.62,1,74,Medium,False
'Salem's Lot,49.56,4,12,High,True
Zero History (Blue Ant #3),34.77,1,26,Medium,False
Wuthering Heights,17.73,3,17,Low,False
World War Z: An Oral History of the Zombie War,21.8,1,46,Medium,False
Wild: From Lost to Found on the Pacific Crest Trail,46.02,3,51,High,True
"Where'd You Go, Bernadette",18.13,1,26,Low,False
When You Are Engulfed in Flames,30.89,5,31,Medium,False
We the People: The Modern-Day Figures Who Have Reshaped and Affirmed the Founding Fathers' Vision of America,31.95,3,108,Medium,False
We Are All Completely Beside Ourselves,24.04,1,38,Medium,False
Walk the Edge (Thunder Road #2),32.36,3,31,Medium,False
Voyager (Outlander #3),21.07,5,22,Medium,False
Very Good Lives: The Fringe Benefits of Failure and the Importance of Imagination,50.66,3,81,High,True
Vegan Vegetarian Omnivore: Dinner for Everyone at the Table,13.66,2,59,Low,False
"Unstuffed: Decluttering Your Home, Mind, and Soul",58.09,1,49,High,True
Under the Banner of Heaven: A Story of Violent Faith,30.0,1,52,Medium,False
Two Boys Kissing,32.74,2,16,Medium,False
Twilight (Twilight #1),41.93,2,22,High,True
Twenties Girl,42.8,2,13,High,True
"Trespassing Across America: One Man's Epic, Never-Done-Before (and Sort of Illegal) Hike Across the Heartland",53.51,1,109,High,True
Three-Martini Lunch,23.21,3,19,Medium,False
"Thinking, Fast and Slow",21.14,1,23,Medium,False
The Wild Robot,56.07,3,14,High,True
"The Wicked + The Divine, Vol. 3: Commercial Suicide (The Wicked + The Divine)",14.41,3,77,Low,False
The Undomestic Goddess,45.75,4,22,High,True
The Travelers,15.77,1,13,Low,False
The Tipping Point: How Little Things Can Make a Big Difference,10.02,2,62,Low,False
The Thing About Jellyfish,48.77,1,25,High,True
The Stand,57.86,2,9,High,True
The Smitten Kitchen Cookbook,23.59,1,28,Medium,False
The Silkworm (Cormoran Strike #2),23.05,5,33,Medium,False
"The Sandman, Vol. 3: Dream Country (The Sandman (volumes) #3)",55.55,5,61,High,True
The Rose & the Dagger (The Wrath and the Dawn #2),58.64,4,49,High,True
The Road to Little Dribbling: Adventures of an American in Britain (Notes From a Small Island #2),23.21,1,97,Medium,False
The Rise of Theodore Roosevelt (Theodore Roosevelt #1),42.57,3,54,High,True
The Restaurant at the End of the Universe (Hitchhiker's Guide to the Galaxy #2),10.92,1,79,Low,False
The Rest Is Noise: Listening to the Twentieth Century,34.77,1,53,Medium,False
The Red Tent,35.66,5,12,Medium,True
The Purpose Driven Life: What on Earth Am I Here for?,37.19,3,53,Medium,True
The Purest Hook (Second Circle Tattoos #3),12.25,1,42,Low,False
The Picture of Dorian Gray,29.7,2,26,Medium,False
The Paris Wife,36.8,3,14,Medium,True
The Obsession,45.43,1,13,High,True
The Nightingale,26.26,4,15,Medium,False
The New Guy (and Other Senior Year Distractions),44.92,3,48,High,True
The Nanny Diaries (Nanny #1),52.53,5,28,High,True
The Name of God is Mercy,37.25,2,24,Medium,True
The Maze Runner (The Maze Runner #1),20.93,1,36,Medium,False
The Lover's Dictionary,58.09,2,22,High,True
The Lonely Ones,43.59,5,15,High,True
The Lean Startup: How Today's Entrepreneurs Use Continuous Innovation to Create Radically Successful Businesses,33.92,3,111,Medium,False
The Last Painting of Sara de Vos,55.55,2,32,High,True
"The Land of 10,000 Madonnas",29.64,4,27,Medium,False
The Infinities,27.41,1,14,Medium,False
The Husband's Secret,52.51,5,20,High,True
The Hitchhiker's Guide to the Galaxy (Hitchhiker's Guide to the Galaxy #1),47.8,3,74,High,True
The Guns of August,14.54,2,18,Low,False
The Guernsey Literary and Potato Peel Pie Society,49.53,1,49,High,True
The Goldfinch,43.58,3,13,High,True
The Giver (The Giver Quartet #1),12.3,1,32,Low,False
The Girl with All the Gifts,49.47,3,27,High,True
The Girl Who Played with Fire (Millennium Trilogy #2),22.14,2,53,Medium,False
The Girl Who Kicked the Hornet's Nest (Millennium Trilogy #3),57.48,1,61,High,True
The Exiled,43.45,3,10,High,True
"The End of Faith: Religion, Terror, and the Future of Reason",22.13,4,60,Medium,False
"The Elegant Universe: Superstrings, Hidden Dimensions, and the Quest for the Ultimate Theory",13.03,4,92,Low,False
"The Disappearing Spoon: And Other True Tales of Madness, Love, and the History of the World from the Periodic Table of the Elements",57.35,5,131,High,True
The Devil Wears Prada (The Devil Wears Prada #1),44.29,1,48,High,True
The Demon-Haunted World: Science as a Candle in the Dark,52.25,4,56,High,True
The Day the Crayons Came Home (Crayons),26.33,5,39,Medium,False
The Da Vinci Code (Robert Langdon #2),22.96,2,37,Medium,False
The Cuckoo's Calling (Cormoran Strike #1),19.21,1,41,Low,False
The Complete Stories and Poems (The Works of Edgar Allan Poe [Cameo Edition]),26.78,4,77,Medium,False
The Complete Poems,41.32,5,18,High,True
The Catcher in the Rye,24.55,1,22,Medium,False
The Cat in the Hat (Beginner Books B-1),16.26,2,39,Low,False
The Case for Christ (Cases for Christianity),47.84,1,44,High,True
The Book Thief,53.49,2,14,High,True
The Book of Basketball: The NBA According to The Sports Guy,44.84,5,59,High,True
The Blind Side: Evolution of a Game,53.71,5,35,High,True
The Autobiography of Malcolm X,23.43,2,30,Medium,False
"The Art of Simple Food: Notes, Lessons, and Recipes from a Delicious Revolution",34.32,3,79,Medium,False
The Art of Fielding,22.1,1,19,Medium,False
"Surely You're Joking, Mr. Feynman!: Adventures of a Curious Character",25.83,2,69,Medium,False
Stiff: The Curious Lives of Human Cadavers,36.74,3,42,Medium,True
Spilled Milk: Based on a True Story,49.51,1,35,High,True
Something Borrowed (Darcy & Rachel #1),48.96,5,38,High,True
Something Blue (Darcy & Rachel #2),54.62,1,34,High,True
Soldier (Talon #3),24.72,2,18,Medium,False
Shopaholic & Baby (Shopaholic #5),46.45,2,33,High,True
Seven Days in the Art World,52.33,2,27,High,True
Seven Brief Lessons on Physics,30.6,4,30,Medium,False
Scarlet (The Lunar Chronicles #2),14.57,4,33,Low,False
Sarah's Key,46.29,1,11,High,True
"Saga, Volume 3 (Saga (Collected Editions) #3)",21.57,5,45,Medium,False
Running with Scissors,12.91,4,21,Low,False
Rogue Lawyer (Rogue Lawyer #1),50.11,3,30,High,True
"Rise of the Rocket Girls: The Women Who Propelled Us, from Missiles to the Moon to Mars",41.67,4,87,High,True
Rework,44.88,2,6,High,True
Reservations for Two,11.1,3,20,Low,False
Red: The True Story of Red Riding Hood,28.54,3,38,Medium,False
Ready Player One,19.07,4,16,Low,False
Quiet: The Power of Introverts in a World That Can't Stop Talking,43.55,1,65,High,True
Prodigy: The Graphic Novel (Legend: The Graphic Novel #2),43.63,3,57,High,True
Persepolis: The Story of a Childhood (Persepolis #1-2),39.13,1,54,Medium,True
Packing for Mars: The Curious Science of Life in the Void,56.68,2,57,High,True
Outliers: The Story of Success,14.16,1,30,Low,False
Original Fake,31.45,3,13,Medium,False
Orange Is the New Black,24.61,2,23,Medium,False
One for the Money (Stephanie Plum #1),32.87,2,37,Medium,False
Notes from a Small Island (Notes From a Small Island #1),40.17,1,56,High,True
Night (The Night Trilogy #1),13.51,1,28,Low,False
Neither Here nor There: Travels in Europe,38.95,3,41,Medium,True
Naked,31.69,3,5,Medium,False
Morning Star (Red Rising #3),29.4,1,28,Medium,False
"Miracles from Heaven: A Little Girl, Her Journey to Heaven, and Her Amazing Story of Healing",57.83,1,92,High,True
Midnight Riot (Peter Grant/ Rivers of London - books #1),55.46,2,56,High,True
Me Talk Pretty One Day,57.6,2,22,High,True
Manuscript Found in Accra,34.98,2,25,Medium,False
Lust & Wonder,11.87,2,13,Low,False
Lila (Gilead #3),12.47,3,16,Low,False
"Life, the Universe and Everything (Hitchhiker's Guide to the Galaxy #3)",33.26,2,71,Medium,False
Life Without a Recipe,59.04,5,21,High,True
Life After Life,26.13,2,15,Medium,False
Letter to a Christian Nation,22.2,1,28,Medium,False
Let's Pretend This Never Happened: A Mostly True Memoir,45.11,1,55,High,True
Legend (Legend #1),43.69,4,18,High,True
"Lean In: Women, Work, and the Will to Lead",25.02,1,42,Medium,False
"Lamb: The Gospel According to Biff, Christ's Childhood Pal",55.5,5,58,High,True
Lady Renegades (Rebel Belle #3),53.04,5,31,High,True
Jurassic Park (Jurassic Park #1),44.97,1,32,High,True
It's Never Too Late to Begin Again: Discovering Creativity and Meaning at Midlife and Beyond,42.38,1,92,High,True
Is Everyone Hanging Out Without Me? (And Other Concerns),20.11,3,56,Medium,False
Into the Wild,56.7,5,13,High,True
Inferno (Robert Langdon #4),41.0,5,27,High,True
"In the Garden of Beasts: Love, Terror, and an American Family in Hitler's Berlin",28.85,3,80,Medium,False
If I Run (If I Run #1),49.97,4,22,High,True
I've Got Your Number,19.69,1,20,Low,False
I Am Malala: The Girl Who Stood Up for Education and Was Shot by the Taliban,28.88,2,76,Medium,False
Hungry Girl Clean & Hungry: Easy All-Natural Recipes for Healthy Eating in the Real World,33.14,3,89,Medium,False
"House of Lost Worlds: Dinosaurs, Dynasties, and the Story of Life on Earth",43.7,2,74,High,True
House of Leaves,54.89,1,15,High,True
Horrible Bear!,37.52,2,14,Medium,True
Holidays on Ice,51.07,2,15,High,True
Heir to the Sky,44.07,4,15,High,True
Green Eggs and Ham (Beginner Books B-16),10.79,4,40,Low,False
"Grayson, Vol 3: Nemesis (Grayson #3)",42.72,1,36,High,True
Gratitude,26.66,5,9,Medium,False
Gone Girl,37.6,5,9,Medium,True
Golden (Heart of Dread #3),42.21,4,26,High,True
Girl in the Blue Coat,46.83,2,21,High,True
"Fruits Basket, Vol. 3 (Fruits Basket #3)",45.17,2,40,High,True
"Friday Night Lights: A Town, a Team, and a Dream",51.22,3,48,High,True
Fire Bound (Sea Haven/Sisters of the Heart #5),21.28,4,46,Medium,False
Fifty Shades Freed (Fifty Shades #3),15.36,5,36,Low,False
Fellside,38.62,1,8,Medium,True
Extreme Prey (Lucas Davenport #26),25.4,3,34,Medium,False
Eragon (The Inheritance Cycle #1),43.87,3,33,High,True
Eclipse (Twilight #3),18.74,1,21,Low,False
Dune (Dune #1),54.86,1,14,High,True
Dracula,52.62,3,7,High,True
Do Androids Dream of Electric Sheep? (Blade Runner #1),51.48,1,54,High,True
Disrupted: My Misadventure in the Start-Up Bubble,15.28,5,49,Low,False
Dead Wake: The Last Crossing of the Lusitania,39.24,5,45,Medium,True
"David and Goliath: Underdogs, Misfits, and the Art of Battling Giants",17.81,1,69,Low,False
Darkfever (Fever #1),56.02,1,20,High,True
Dark Places,23.9,5,11,Medium,False
Crazy Rich Asians (Crazy Rich Asians #1),49.13,5,40,High,True
Counting Thyme,10.62,1,14,Low,False
Cosmos,36.17,2,6,Medium,True
Civilization and Its Discontents,59.95,2,32,High,True
Cinder (The Lunar Chronicles #1),26.09,1,32,Medium,False
Catastrophic Happiness: Finding Joy in Childhood's Messy Years,37.35,2,62,Medium,True
Career of Evil (Cormoran Strike #3),24.72,2,35,Medium,False
Breaking Dawn (Twilight #4),35.28,5,27,Medium,True
Brave Enough,51.32,5,12,High,True
Boy Meets Boy,21.12,3,13,Medium,False
"Born to Run: A Hidden Tribe, Superathletes, and the Greatest Race the World Has Never Seen",27.35,2,90,Medium,False
Blink: The Power of Thinking Without Thinking,21.74,5,45,Medium,False
Black Flags: The Rise of ISIS,40.87,1,29,High,True
"Black Butler, Vol. 1 (Black Butler #1)",49.31,1,38,High,True
Big Little Lies,22.11,1,15,Medium,False
Between Shades of Gray,20.79,5,22,Medium,False
Best of My Love (Fool's Gold #20),27.41,2,33,Medium,False
Beowulf,38.35,2,7,Medium,True
Beautiful Creatures (Caster Chronicles #1),21.55,5,42,Medium,False
Awkward,38.02,2,7,Medium,True
Ash,22.06,4,3,Medium,False
Are We There Yet?,10.66,3,17,Low,False
Are We Smart Enough to Know How Smart Animals Are?,56.58,1,50,High,True
Annie on My Mind,36.83,5,16,Medium,True
And Then There Were None,35.01,2,24,Medium,False
A Walk in the Woods: Rediscovering America on the Appalachian Trail,30.48,4,67,Medium,False
A Visit from the Goon Squad,14.08,5,27,Low,False
A Storm of Swords (A Song of Ice and Fire #3),31.22,2,45,Medium,False
A Heartbreaking Work of Staggering Genius,54.29,5,41,High,True
8 Keys to Mental Health Through Exercise,31.04,1,40,Medium,False
#GIRLBOSS,50.96,1,9,High,True
"The Suffragettes (Little Black Classics, #96)",11.89,2,45,Low,False
The Sense of an Ending,31.38,3,22,Medium,False
"The Sandman, Vol. 2: The Doll's House (The Sandman (volumes) #2)",54.81,1,64,High,True
The Course of Love,16.78,3,18,Low,False
Sugar Rush (Offensive Line #2),24.42,1,30,Medium,False
"Saga, Volume 2 (Saga (Collected Editions) #2)",11.75,3,45,Low,False
"Run, Spot, Run: The Ethics of Keeping Pets",20.02,1,42,Medium,False
New Moon (Twilight #2),12.86,4,22,Low,False
Life,31.58,5,4,Medium,False
Kindle Paperwhite User's Guide,34.0,3,30,Medium,False
H is for Hawk,57.42,5,13,High,True
Girl Online On Tour (Girl Online #2),53.47,1,36,High,True
"Fruits Basket, Vol. 2 (Fruits Basket #2)",11.64,5,40,Low,False
Diary of a Minecraft Zombie Book 1: A Scare of a Dare (An Unofficial Minecraft Book),52.88,4,84,High,True
"Y: The Last Man, Vol. 1: Unmanned (Y: The Last Man #1)",18.51,4,54,Low,False
While You Were Mine,41.32,5,19,High,True
Where Lightning Strikes (Bleeding Stars #3),39.77,3,43,Medium,True
When I'm Gone,51.96,3,13,High,True
Ways of Seeing,39.51,5,14,Medium,True
"Vampire Knight, Vol. 1 (Vampire Knight #1)",15.4,1,42,Low,False
Vampire Girl (Vampire Girl #1),53.82,2,30,High,True
Twenty Love Poems and a Song of Despair,30.95,4,39,Medium,False
Travels with Charley: In Search of America,57.82,5,42,High,True
Three Wishes (River of Time: California #1),44.18,2,43,High,True
This One Moment (Pushing Limits #1),48.71,1,35,High,True
The Zombie Room,19.69,5,15,Low,False
"The Wicked + The Divine, Vol. 1: The Faust Act (The Wicked + The Divine)",36.52,2,72,Medium,True
The Tumor,41.56,5,9,High,True
The Story of Hong Gildong,43.19,4,25,High,True
The Silent Wife,12.34,5,15,Low,False
The Silent Twin (Detective Jennifer Knight #3),36.25,3,46,Medium,True
The Selfish Gene,29.45,1,16,Medium,False
The Secret Healer,34.56,3,17,Medium,False
"The Sandman, Vol. 1: Preludes and Nocturnes (The Sandman (volumes) #1)",54.12,3,70,High,True
The Republic,33.78,3,12,Medium,False
The Odyssey,29.64,3,11,Medium,False
The No. 1 Ladies' Detective Agency (No. 1 Ladies' Detective Agency #1),57.7,4,70,High,True
The Nicomachean Ethics,36.34,1,22,Medium,True
The Name of the Wind (The Kingkiller Chronicle #1),50.59,3,50,High,True
The Mirror & the Maze (The Wrath and the Dawn #1.5),29.38,1,51,Medium,False
The Little Prince,45.42,2,17,High,True
The Light of the Fireflies,54.43,1,26,High,True
The Last Girl (The Dominion Trilogy #1),36.26,2,39,Medium,True
The Iliad,16.16,1,9,Low,False
The Hook Up (Game On #1),36.29,5,24,Medium,True
The Haters,27.89,5,10,Medium,False
The Girl You Lost,12.29,5,17,Low,False
The Girl In The Ice (DCI Erika Foster #1),15.85,3,41,Low,False
The End of the Jesus Era (An Investigation #1),14.4,1,46,Low,False
The Edge of Reason (Bridget Jones #2),19.18,4,37,Low,False
The Complete Maus (Maus #1-2),10.64,3,29,Low,False
The Communist Manifesto,14.76,3,23,Low,False
The Bhagavad Gita,57.49,3,17,High,True
The Bette Davis Club,30.66,3,20,Medium,False
The Art of Not Breathing,40.83,4,24,High,True
Taking Shots (Assassins #1),18.88,2,27,Low,False
Starlark,25.83,3,8,Medium,False
"Skip Beat!, Vol. 01 (Skip Beat! #1)",42.12,3,35,High,True
Sister Sable (The Mad Queen #1),13.33,3,31,Low,False
Shatter Me (Shatter Me #1),42.4,1,26,High,True
Shameless,58.35,3,9,High,True
Shadow Rites (Jane Yellowrock #10),21.72,4,34,Medium,False
Settling the Score (The Summer Games #1),44.91,2,40,High,True
Sense and Sensibility,37.46,1,21,Medium,True
"Saga, Volume 1 (Saga (Collected Editions) #1)",28.48,1,45,Medium,False
"Rhythm, Chord & Malykhin",28.34,2,24,Medium,False
"Rat Queens, Vol. 1: Sass & Sorcery (Rat Queens (Collected Editions) #1-5)",46.96,5,73,High,True
Paradise Lost (Paradise #1),24.96,1,27,Medium,False
"Paper Girls, Vol. 1 (Paper Girls #1-5)",21.71,4,38,Medium,False
"Ouran High School Host Club, Vol. 1 (Ouran High School Host Club #1)",29.87,3,68,Medium,False
Origins (Alphas 0.5),28.99,1,20,Medium,False
One Second (Seven #7),52.94,2,21,High,True
On the Road (Duluoz Legend),32.36,3,27,Medium,False
Old Records Never Die: One Man's Quest for His Vinyl and His Past,55.66,2,65,High,True
Off Sides (Off #1),39.45,5,18,Medium,True
Of Mice and Men,47.11,2,15,High,True
Myriad (Prentor #1),58.75,4,19,High,True
My Perfect Mistake (Over the Top #1),38.92,2,36,Medium,True
"Ms. Marvel, Vol. 1: No Normal (Ms. Marvel (2014-2015) #1)",39.39,4,57,Medium,True
Meditations,25.89,2,11,Medium,False
Matilda,28.34,1,7,Medium,False
Lost Among the Living,27.7,4,21,Medium,False
Lord of the Flies,24.89,3,17,Medium,False
Listen to Me (Fusion #1),58.99,3,24,High,True
Kitchens of the Great Midwest,57.2,5,29,High,True
Jane Eyre,38.43,5,9,Medium,True
Imperfect Harmony,34.74,4,17,Medium,False
Icing (Aces Hockey #2),40.44,4,22,High,True
"Hawkeye, Vol. 1: My Life as a Weapon (Hawkeye #1)",45.24,3,49,High,True
Having the Barbarian's Baby (Ice Planet Barbarians #7.5),34.96,4,56,Medium,False
"Giant Days, Vol. 1 (Giant Days #1-4)",56.76,4,36,High,True
"Fruits Basket, Vol. 1 (Fruits Basket #1)",40.28,5,40,High,True
Frankenstein,38.0,2,12,Medium,True
Forever Rockers (The Rocker #12),28.8,3,32,Medium,False
Fighting Fate (Fighting #6),39.24,3,27,Medium,True
Emma,32.93,2,4,Medium,False
"Eat, Pray, Love",51.32,3,15,High,True
Deep Under (Walker Security #1),47.09,5,31,High,True
Choosing Our Religion: The Spiritual Lives of America's Nones,28.42,4,61,Medium,False
Charlie and the Chocolate Factory (Charlie Bucket #1),22.85,3,53,Medium,False
Charity's Cross (Charles Towne Belles #4),41.24,1,41,High,True
Bright Lines,39.07,5,12,Medium,True
Bridget Jones's Diary (Bridget Jones #1),29.82,1,40,Medium,False
Bounty (Colorado Mountain #7),37.26,4,29,Medium,True
Blood Defense (Samantha Brinkman #1),20.3,3,36,Medium,False
"Bleach, Vol. 1: Strawberry and the Soul Reapers (Bleach #1)",34.65,5,59,Medium,False
Beyond Good and Evil,43.38,1,20,High,True
Alice in Wonderland (Alice's Adventures in Wonderland #1),55.53,1,57,High,True
"Ajin: Demi-Human, Volume 1 (Ajin: Demi-Human #1)",57.06,4,48,High,True
A Spy's Devotion (The Regency Spies of London #1),16.97,5,49,Low,False
1st to Die (Women's Murder Club #1),53.98,1,35,High,True
"1,000 Places to See Before You Die",26.08,5,34,Medium,False
